{"schemaVersion":"1.0","appDefinitionTemplate":{"id":"/providers/Microsoft.PowerApps/apps/","type":"Microsoft.PowerApps/apps","tags":{"primaryDeviceWidth":"640","primaryDeviceHeight":"1136","supportsPortrait":"true","supportsLandscape":"true","primaryFormFactor":"Phone","publisherVersion":"3.22064.18","minimumRequiredApiVersion":"2.2.0","hasComponent":"false","hasUnlockedComponent":"false","isUnifiedRootApp":"false","sienaVersion":"20220720T151459Z-3.22064.18.0"},"properties":{"appVersion":"2022-07-20T15:14:59Z","lifeCycleId":"Published","createdByClientVersion":{"major":3,"minor":22064,"build":18,"revision":0,"majorRevision":0,"minorRevision":0},"minClientVersion":{"major":3,"minor":22064,"build":18,"revision":0,"majorRevision":0,"minorRevision":0},"backgroundColor":"RGBA(0,176,240,1)","backgroundImageUri":"/16252002601073212266/Nc8ac4c66-cd12-460d-9203-82fdbaa5edd8-logoSmallFile","displayName":"StudentApp","description":"","commitMessage":"","appUris":{"documentUri":{"value":"/16252002601073212266/N03d8b2e6-b1f6-4bde-b127-c9b1bc03edeb-document.msapp"},"imageUris":[],"additionalUris":[]},"createdTime":"0001-01-01T00:00:00Z","lastModifiedTime":"0001-01-01T00:00:00Z","sharedGroupsCount":0,"sharedUsersCount":0,"icons":{"smallIconUri":"/16252002601073212266/Na09276bd-1b0d-4c80-b8a6-001a0cdeb750-small.png","mediumIconUri":"/16252002601073212266/N3d732994-d4f7-4c3b-955e-25500a73e65a-medium.png","largeIconUri":"/16252002601073212266/N7e91a11c-2246-4715-a663-2b4f4bb0f937-large.png","wideIconUri":"/16252002601073212266/N3526860d-be8d-427e-8bd2-5d10bb3044a5-wide.png"},"connectionReferences":{"f7722f14-d162-4b7b-ae16-f85c70bb7a43":{"id":"11ead57c-bfbf-4270-a199-21a48c9e51bc","displayName":"SharePoint","iconUri":"https://connectoricons-prod.azureedge.net/releases/v1.0.1588/1.0.1588.2938/sharepointonline/icon.png","dataSources":["Documents"],"dependencies":[],"dependents":[],"parameterHints":{},"parameterHintsV2":{},"isOnPremiseConnection":false,"bypassConsent":false,"dataSets":{"https://studentncirl.sharepoint.com/sites/ProjectManagementBSHC3AMoodleTeam-21":{"dataSources":{"Documents":{"tableName":"a400bed3-dd80-47b5-be8a-0e5cea58c044"}}}},"apiTier":"Standard","isCustomApiConnection":false,"actions":["providers/PowerPlatform.Governance/Operations/Read"]}},"databaseReferences":{},"almMode":"Environment","performanceOptimizationEnabled":true,"canConsumeAppPass":true,"executionRestrictions":{"isTeamsOnly":false,"dataLossPreventionEvaluationResult":{"status":"Compliant","lastEvaluationDate":"2022-07-05T15:17:45.1318819Z","violations":[],"violationsByPolicy":[],"violationErrorMessage":"The app uses the following connectors: shared_sharepointonline."}}},"appType":"ClassicCanvasApp","appComponents":[]}}